meter_id,X2018_7_1_1h,X2018_7_1_2h,X2018_7_1_3h,X2018_7_1_4h,X2018_7_1_5h,X2018_7_1_6h,X2018_7_1_7h,X2018_7_1_8h,X2018_7_1_9h,X2018_7_1_10h,X2018_7_1_11h,X2018_7_1_12h,X2018_7_1_13h,X2018_7_1_14h,X2018_7_1_15h,X2018_7_1_16h,X2018_7_1_17h,X2018_7_1_18h,X2018_7_1_19h,X2018_7_1_20h,X2018_7_1_21h,X2018_7_1_22h,X2018_7_1_23h,X2018_7_1_24h,X2018_7_1_d,X2018_7_2_d,X2018_7_3_d,X2018_7_4_d,X2018_7_5_d,X2018_7_6_d,X2018_7_7_d,X2018_7_8_d,X2018_7_9_d,X2018_7_10_d,X2018_7_m,X2018_8_m,X2018_9_m,X2018_10_m,X2018_11_m
X5,6.799337428,5.618,6.502227867,5.618,6.410631098,5.618,6.383003425,5.618,6.375287139,5.618,6.373768587,5.618,5.618,5.618,5.618,5.618,5.618,5.618,5.618,5.618,5.618,5.618,5.618,5.618,134.832,134.832,134.832,134.832,134.832,134.832,134.832,134.832,134.832,134.832,1517.016,1517.016,1468.08,1517.016,1468.08
X7,1.308540722,1.146,1.327310657,1.146,1.340644278,1.146,1.350116098,1.146,1.356844607,1.146,1.361624345,1.146,1.146,1.146,1.146,1.146,1.146,1.146,1.146,1.146,1.146,1.146,1.146,1.146,27.504,27.504,27.504,27.504,27.504,27.504,27.504,27.504,27.504,27.504,397.296,397.296,384.48,397.296,384.48
X10,2.24558557,2.039,2.52219328,2.039,2.706059709,2.039,2.828279237,2.039,2.909520893,2.039,2.963523773,2.039,2.039,2.039,2.039,2.039,2.039,2.039,2.039,2.039,2.039,2.039,2.039,2.039,48.936,48.936,48.936,48.936,48.936,48.936,48.936,48.936,48.936,48.936,171.864,171.864,166.32,171.864,166.32
X16,3.31438741,3.684,3.510585272,3.684,3.635856912,3.684,3.715842412,3.684,3.76691287,3.684,3.799521178,3.684,3.684,3.684,3.684,3.684,3.684,3.684,3.684,3.684,3.684,3.684,3.684,3.684,88.416,88.416,88.416,88.416,88.416,88.416,88.416,88.416,88.416,88.416,384.648,384.648,372.24,384.648,372.24
X18,2.495493275,2.575,2.504922746,2.575,2.511015281,2.575,2.514936464,2.575,2.517444745,2.575,2.519033647,2.575,2.575,2.575,2.575,2.575,2.575,2.575,2.575,2.575,2.575,2.575,2.575,2.575,61.8,61.8,61.8,61.8,61.8,61.8,61.8,61.8,61.8,61.8,46.128,46.128,44.64,46.128,44.64
X20,0.625214354,0.092,0.935122443,0.092,1.050525897,0.092,1.093983541,0.092,1.11082897,0.092,1.11783074,0.092,0.092,0.092,0.092,0.092,0.092,0.092,0.092,0.092,0.092,0.092,0.092,0.092,2.208,2.208,2.208,2.208,2.208,2.208,2.208,2.208,2.208,2.208,128.712,128.712,124.56,128.712,124.56
X26,1.08803696,1.337,1.259518273,1.337,1.354604317,1.337,1.407329336,1.337,1.436565254,1.337,1.452776511,1.337,1.337,1.337,1.337,1.337,1.337,1.337,1.337,1.337,1.337,1.337,1.337,1.337,32.088,32.088,32.088,32.088,32.088,32.088,32.088,32.088,32.088,32.088,180.792,180.792,174.96,180.792,174.96
X30,4.797998802,2.291,4.306683646,2.291,3.976673466,2.291,3.755009801,2.291,3.606121119,2.291,3.506114474,2.291,2.291,2.291,2.291,2.291,2.291,2.291,2.291,2.291,2.291,2.291,2.291,2.291,54.984,54.984,54.984,54.984,54.984,54.984,54.984,54.984,54.984,54.984,209.808,209.808,203.04,209.808,203.04
X31,0.266919901,0.538,0.356740332,0.538,0.412063437,0.538,0.446138602,0.538,0.467126521,0.538,0.480053612,0.538,0.538,0.538,0.538,0.538,0.538,0.538,0.538,0.538,0.538,0.538,0.538,0.538,12.912,12.912,12.912,12.912,12.912,12.912,12.912,12.912,12.912,12.912,521.544,521.544,504.72,521.544,504.72
X32,0.23150121,0.537,0.392825193,0.537,0.4563469,0.537,0.481358725,0.537,0.491207192,0.537,0.495085049,0.537,0.537,0.537,0.537,0.537,0.537,0.537,0.537,0.537,0.537,0.537,0.537,0.537,12.888,12.888,12.888,12.888,12.888,12.888,12.888,12.888,12.888,12.888,386.88,386.88,374.4,386.88,374.4
X35,0.006011393,0.006,0.006016462,0.006,0.006016519,0.006,0.006016519,0.006,0.006016519,0.006,0.006016519,0.006,0.006,0.006,0.006,0.006,0.006,0.006,0.006,0.006,0.006,0.006,0.006,0.006,0.144,0.144,0.144,0.144,0.144,0.144,0.144,0.144,0.144,0.144,859.32,859.32,831.6,859.32,831.6
X37,4.4564377,2.741,4.195485411,2.741,4.031865422,2.741,3.929273868,2.741,3.864947821,2.741,3.824614674,2.741,2.741,2.741,2.741,2.741,2.741,2.741,2.741,2.741,2.741,2.741,2.741,2.741,65.784,65.784,65.784,65.784,65.784,65.784,65.784,65.784,65.784,65.784,406.224,406.224,393.12,406.224,393.12
X41,2.370564857,2.198,2.301365817,2.198,2.250205927,2.198,2.212382652,2.198,2.184419336,2.198,2.163745637,2.198,2.198,2.198,2.198,2.198,2.198,2.198,2.198,2.198,2.198,2.198,2.198,2.198,52.752,52.752,52.752,52.752,52.752,52.752,52.752,52.752,52.752,52.752,29.016,29.016,28.08,29.016,28.08
X42,4.632359197,0.028,3.576443964,0.028,2.900023783,0.028,2.466911235,0.028,2.189791774,0.028,2.012684971,0.028,0.028,0.028,0.028,0.028,0.028,0.028,0.028,0.028,0.028,0.028,0.028,0.028,0.672,0.672,0.672,0.672,0.672,0.672,0.672,0.672,0.672,0.672,285.696,285.696,276.48,285.696,276.48
X43,0.381700534,0.365,0.495010744,0.365,0.564644508,0.365,0.607437307,0.365,0.633735235,0.365,0.649896388,0.365,0.365,0.365,0.365,0.365,0.365,0.365,0.365,0.365,0.365,0.365,0.365,0.365,8.76,8.76,8.76,8.76,8.76,8.76,8.76,8.76,8.76,8.76,248.496,248.496,240.48,248.496,240.48
X44,0.516331977,0.115,1.263958128,0.115,1.646944424,0.115,1.843136735,0.115,1.943640131,0.115,1.995124984,0.115,0.115,0.115,0.115,0.115,0.115,0.115,0.115,0.115,0.115,0.115,0.115,0.115,2.76,2.76,2.76,2.76,2.76,2.76,2.76,2.76,2.76,2.76,179.304,179.304,173.52,179.304,173.52
X47,0.4235008,0.062,0.265302315,0.062,0.182458453,0.062,0.139075577,0.062,0.116357249,0.062,0.104460334,0.062,0.062,0.062,0.062,0.062,0.062,0.062,0.062,0.062,0.062,0.062,0.062,0.062,1.488,1.488,1.488,1.488,1.488,1.488,1.488,1.488,1.488,1.488,201.624,201.624,195.12,201.624,195.12
X50,6.575761757,3.362,5.601363938,3.362,4.99380981,3.362,4.614989155,3.362,4.378787834,3.362,4.231512167,3.362,3.362,3.362,3.362,3.362,3.362,3.362,3.362,3.362,3.362,3.362,3.362,3.362,80.688,80.688,80.688,80.688,80.688,80.688,80.688,80.688,80.688,80.688,248.496,248.496,240.48,248.496,240.48
X51,20.45817251,12.184,20.02769896,12.184,19.8562674,12.184,19.78960193,12.184,19.76530771,12.184,19.75814998,12.184,12.184,12.184,12.184,12.184,12.184,12.184,12.184,12.184,12.184,12.184,12.184,12.184,292.416,292.416,292.416,292.416,292.416,292.416,292.416,292.416,292.416,292.416,267.096,267.096,258.48,267.096,258.48
X55,17.68948653,10.996,14.94901787,10.996,13.15703243,10.996,11.98525775,10.996,11.21903728,10.996,10.71800768,10.996,10.996,10.996,10.996,10.996,10.996,10.996,10.996,10.996,10.996,10.996,10.996,10.996,263.904,263.904,263.904,263.904,263.904,263.904,263.904,263.904,263.904,263.904,313.224,313.224,303.12,313.224,303.12
X59,0.558236563,1.647,1.376512167,1.647,1.824151268,1.647,2.069033021,1.647,2.202996013,1.647,2.276280702,1.647,1.647,1.647,1.647,1.647,1.647,1.647,1.647,1.647,1.647,1.647,1.647,1.647,39.528,39.528,39.528,39.528,39.528,39.528,39.528,39.528,39.528,39.528,135.408,135.408,131.04,135.408,131.04
X61,0.935476484,2.867,1.386064608,2.867,1.709253189,2.867,1.941063247,2.867,2.107331196,2.867,2.226588451,2.867,2.867,2.867,2.867,2.867,2.867,2.867,2.867,2.867,2.867,2.867,2.867,2.867,68.808,68.808,68.808,68.808,68.808,68.808,68.808,68.808,68.808,68.808,172.608,172.608,167.04,172.608,167.04
X62,0.253661891,0.187,0.282740125,0.187,0.288449226,0.187,0.289570128,0.187,0.289790201,0.187,0.289833409,0.187,0.187,0.187,0.187,0.187,0.187,0.187,0.187,0.187,0.187,0.187,0.187,0.187,4.488,4.488,4.488,4.488,4.488,4.488,4.488,4.488,4.488,4.488,218.736,218.736,211.68,218.736,211.68
X67,0.45990059,0.75,0.622453867,0.75,0.727906595,0.75,0.796316645,0.75,0.840696104,0.75,0.869486264,0.75,0.75,0.75,0.75,0.75,0.75,0.75,0.75,0.75,0.75,0.75,0.75,0.75,18,18,18,18,18,18,18,18,18,18,171.12,171.12,165.6,171.12,165.6
X68,1.787271039,3.379,2.456951148,3.379,2.939422821,3.379,3.287019997,3.379,3.537446714,3.379,3.717866881,3.379,3.379,3.379,3.379,3.379,3.379,3.379,3.379,3.379,3.379,3.379,3.379,3.379,81.096,81.096,81.096,81.096,81.096,81.096,81.096,81.096,81.096,81.096,151.032,151.032,146.16,151.032,146.16
X70,0.198886296,0.3025,0.274106765,0.3025,0.325397189,0.3025,0.360358616,0.3025,0.384177728,0.3025,0.400393727,0.3025,0.3025,0.3025,0.3025,0.3025,0.3025,0.3025,0.3025,0.3025,0.3025,0.3025,0.3025,0.3025,7.26,7.26,7.26,7.26,7.26,7.26,7.26,7.26,7.26,7.26,168.888,168.888,163.44,168.888,163.44
X73,0.11121466,0.008,0.15854537,0.008,0.180598211,0.008,0.190877249,0.008,0.195672342,0.008,0.197913149,0.008,0.008,0.008,0.008,0.008,0.008,0.008,0.008,0.008,0.008,0.008,0.008,0.008,0.192,0.192,0.192,0.192,0.192,0.192,0.192,0.192,0.192,0.192,2740.896,2740.896,2652.48,2740.896,2652.48
X75,0.080639909,1.102,0.709494839,1.102,1.028164901,1.102,1.189649853,1.102,1.271481795,1.102,1.312949848,1.102,1.102,1.102,1.102,1.102,1.102,1.102,1.102,1.102,1.102,1.102,1.102,1.102,26.448,26.448,26.448,26.448,26.448,26.448,26.448,26.448,26.448,26.448,215.016,215.016,208.08,215.016,208.08
X76,0.422573068,0.176,0.572013556,0.176,0.6644715,0.176,0.721674682,0.176,0.757065951,0.176,0.77896232,0.176,0.176,0.176,0.176,0.176,0.176,0.176,0.176,0.176,0.176,0.176,0.176,0.176,4.224,4.224,4.224,4.224,4.224,4.224,4.224,4.224,4.224,4.224,313.224,313.224,303.12,313.224,303.12
X80,8.43440813,6.113,8.271746771,6.113,8.153594015,6.113,8.067771091,6.113,8.005431669,6.113,7.960150021,6.113,6.113,6.113,6.113,6.113,6.113,6.113,6.113,6.113,6.113,6.113,6.113,6.113,146.712,146.712,146.712,146.712,146.712,146.712,146.712,146.712,146.712,146.712,214.272,214.272,207.36,214.272,207.36
X82,0.421369386,0.4925,0.521073358,0.4925,0.578833235,0.4925,0.612279201,0.4925,0.631631016,0.4925,0.642812816,0.4925,0.4925,0.4925,0.4925,0.4925,0.4925,0.4925,0.4925,0.4925,0.4925,0.4925,0.4925,0.4925,11.82,11.82,11.82,11.82,11.82,11.82,11.82,11.82,11.82,11.82,206.832,206.832,200.16,206.832,200.16
X87,0.654489779,1.973,1.204671039,1.973,1.599781387,1.973,1.883528213,1.973,2.087299797,1.973,2.2336375,1.973,1.973,1.973,1.973,1.973,1.973,1.973,1.973,1.973,1.973,1.973,1.973,1.973,47.352,47.352,47.352,47.352,47.352,47.352,47.352,47.352,47.352,47.352,380.928,380.928,368.64,380.928,368.64
X88,0.201179442,0.356,0.356081729,0.356,0.465736496,0.356,0.543360708,0.356,0.598310606,0.356,0.63720944,0.356,0.356,0.356,0.356,0.356,0.356,0.356,0.356,0.356,0.356,0.356,0.356,0.356,8.544,8.544,8.544,8.544,8.544,8.544,8.544,8.544,8.544,8.544,57.288,57.288,55.44,57.288,55.44
X91,0.445789632,0.302,0.619873451,0.302,0.742485629,0.302,0.828861792,0.302,0.889727817,0.302,0.932634715,0.302,0.302,0.302,0.302,0.302,0.302,0.302,0.302,0.302,0.302,0.302,0.302,0.302,7.248,7.248,7.248,7.248,7.248,7.248,7.248,7.248,7.248,7.248,183.024,183.024,177.12,183.024,177.12
X94,0.021484349,0.1,0.060878199,0.1,0.090386146,0.1,0.112489061,0.1,0.12904524,0.1,0.141446639,0.1,0.1,0.1,0.1,0.1,0.1,0.1,0.1,0.1,0.1,0.1,0.1,0.1,2.4,2.4,2.4,2.4,2.4,2.4,2.4,2.4,2.4,2.4,176.328,176.328,170.64,176.328,170.64
X102,0.590941846,0.534,0.847938189,0.534,1.033022491,0.534,1.166316989,0.534,1.262313371,0.534,1.331448297,0.534,0.534,0.534,0.534,0.534,0.534,0.534,0.534,0.534,0.534,0.534,0.534,0.534,12.816,12.816,12.816,12.816,12.816,12.816,12.816,12.816,12.816,12.816,179.676,179.676,173.88,179.676,173.88
X105,0.310367726,0.231,0.480458893,0.231,0.598047798,0.231,0.679340381,0.231,0.735540276,0.231,0.774392876,0.231,0.231,0.231,0.231,0.231,0.231,0.231,0.231,0.231,0.231,0.231,0.231,0.231,5.544,5.544,5.544,5.544,5.544,5.544,5.544,5.544,5.544,5.544,209.064,209.064,202.32,209.064,202.32
X106,0.496746481,0.517,0.629703713,0.517,0.690493368,0.517,0.718287134,0.517,0.730994781,0.517,0.73680487,0.517,0.517,0.517,0.517,0.517,0.517,0.517,0.517,0.517,0.517,0.517,0.517,0.517,12.408,12.408,12.408,12.408,12.408,12.408,12.408,12.408,12.408,12.408,1915.8,1915.8,1854,1915.8,1854
X107,0.077587245,0.062,0.180464324,0.062,0.251513688,0.062,0.300582071,0.062,0.334469866,0.062,0.357873585,0.062,0.062,0.062,0.062,0.062,0.062,0.062,0.062,0.062,0.062,0.062,0.062,0.062,1.488,1.488,1.488,1.488,1.488,1.488,1.488,1.488,1.488,1.488,136.896,136.896,132.48,136.896,132.48
X110,1.221237077,0.173,0.729643132,0.173,0.63573578,0.173,0.61779701,0.173,0.614370233,0.173,0.613715629,0.173,0.173,0.173,0.173,0.173,0.173,0.173,0.173,0.173,0.173,0.173,0.173,0.173,4.152,4.152,4.152,4.152,4.152,4.152,4.152,4.152,4.152,4.152,130.2,130.2,126,130.2,126
X111,0.253030771,0.243,0.353501159,0.243,0.409136191,0.243,0.439943843,0.243,0.457003443,0.243,0.466450121,0.243,0.243,0.243,0.243,0.243,0.243,0.243,0.243,0.243,0.243,0.243,0.243,0.243,5.832,5.832,5.832,5.832,5.832,5.832,5.832,5.832,5.832,5.832,184.512,184.512,178.56,184.512,178.56
X116,0.327596352,0.282,0.5769617,0.282,0.732477034,0.282,0.829463319,0.282,0.889948285,0.282,0.927669403,0.282,0.282,0.282,0.282,0.282,0.282,0.282,0.282,0.282,0.282,0.282,0.282,0.282,6.768,6.768,6.768,6.768,6.768,6.768,6.768,6.768,6.768,6.768,256.68,256.68,248.4,256.68,248.4
X120,0.28760365,0.701,0.555932011,0.701,0.748102959,0.701,0.885731622,0.701,0.984298283,0.701,1.054889586,0.701,0.701,0.701,0.701,0.701,0.701,0.701,0.701,0.701,0.701,0.701,0.701,0.701,16.824,16.824,16.824,16.824,16.824,16.824,16.824,16.824,16.824,16.824,142.104,142.104,137.52,142.104,137.52
X123,0.562021264,0.52,0.802386234,0.52,0.957790963,0.52,1.058265795,0.52,1.123226442,0.52,1.165225872,0.52,0.52,0.52,0.52,0.52,0.52,0.52,0.52,0.52,0.52,0.52,0.52,0.52,12.48,12.48,12.48,12.48,12.48,12.48,12.48,12.48,12.48,12.48,232.128,232.128,224.64,232.128,224.64
X124,0.26915083,1.155,0.395021171,1.155,0.488979229,1.155,0.559101084,1.155,0.611418993,1.155,0.650438623,1.155,1.155,1.155,1.155,1.155,1.155,1.155,1.155,1.155,1.155,1.155,1.155,1.155,27.72,27.72,27.72,27.72,27.72,27.72,27.72,27.72,27.72,27.72,331.824,331.824,321.12,331.824,321.12
X125,0.315627031,0.546,0.466525171,0.546,0.537396967,0.546,0.570663842,0.546,0.586259908,0.546,0.593552341,0.546,0.546,0.546,0.546,0.546,0.546,0.546,0.546,0.546,0.546,0.546,0.546,0.546,13.104,13.104,13.104,13.104,13.104,13.104,13.104,13.104,13.104,13.104,68.448,68.448,66.24,68.448,66.24
X126,0.107601674,0.039,0.191219174,0.039,0.207960882,0.039,0.21131287,0.039,0.211983997,0.039,0.212118369,0.039,0.039,0.039,0.039,0.039,0.039,0.039,0.039,0.039,0.039,0.039,0.039,0.039,0.936,0.936,0.936,0.936,0.936,0.936,0.936,0.936,0.936,0.936,153.264,153.264,148.32,153.264,148.32
X130,0.380981744,0.384,0.391895564,0.384,0.400180276,0.384,0.406469225,0.384,0.411243184,0.384,0.41486711,0.384,0.384,0.384,0.384,0.384,0.384,0.384,0.384,0.384,0.384,0.384,0.384,0.384,9.216,9.216,9.216,9.216,9.216,9.216,9.216,9.216,9.216,9.216,190.464,190.464,184.32,190.464,184.32
X132,0.356902575,0.334,0.336225285,0.334,0.331903874,0.334,0.330987603,0.334,0.330780251,0.334,0.330720488,0.334,0.334,0.334,0.334,0.334,0.334,0.334,0.334,0.334,0.334,0.334,0.334,0.334,8.016,8.016,8.016,8.016,8.016,8.016,8.016,8.016,8.016,8.016,258.168,258.168,249.84,258.168,249.84
X133,0.19682911,0.241,0.250617382,0.241,0.272295081,0.241,0.281033513,0.241,0.284557942,0.241,0.285981338,0.241,0.241,0.241,0.241,0.241,0.241,0.241,0.241,0.241,0.241,0.241,0.241,0.241,5.784,5.784,5.784,5.784,5.784,5.784,5.784,5.784,5.784,5.784,249.24,249.24,241.2,249.24,241.2
X134,0.638877197,0.271,0.434487127,0.271,0.356266015,0.271,0.326326949,0.271,0.314864345,0.271,0.310472271,0.271,0.271,0.271,0.271,0.271,0.271,0.271,0.271,0.271,0.271,0.271,0.271,0.271,6.504,6.504,6.504,6.504,6.504,6.504,6.504,6.504,6.504,6.504,202.368,202.368,195.84,202.368,195.84
X139,0.584217313,0.334,0.493026268,0.334,0.439597312,0.334,0.408293216,0.334,0.389952104,0.334,0.379206022,0.334,0.334,0.334,0.334,0.334,0.334,0.334,0.334,0.334,0.334,0.334,0.334,0.334,8.016,8.016,8.016,8.016,8.016,8.016,8.016,8.016,8.016,8.016,192.1236923,192.1236923,185.9261538,192.1236923,185.9261538
X140,0.662721051,0.359,0.553659995,0.359,0.485592781,0.359,0.443110654,0.359,0.416596698,0.359,0.400048801,0.359,0.359,0.359,0.359,0.359,0.359,0.359,0.359,0.359,0.359,0.359,0.359,0.359,8.616,8.616,8.616,8.616,8.616,8.616,8.616,8.616,8.616,8.616,297.3874286,297.3874286,287.7942857,297.3874286,287.7942857
X142,0.553832064,0.421,0.492755843,0.421,0.46892161,0.421,0.459626994,0.421,0.456008779,0.421,0.454606684,0.421,0.421,0.421,0.421,0.421,0.421,0.421,0.421,0.421,0.421,0.421,0.421,0.421,10.104,10.104,10.104,10.104,10.104,10.104,10.104,10.104,10.104,10.104,312.48,312.48,302.4,312.48,302.4
X143,0.314153689,0.182,0.307328338,0.182,0.305215895,0.182,0.304578251,0.182,0.304402114,0.182,0.304370394,0.182,0.182,0.182,0.182,0.182,0.182,0.182,0.182,0.182,0.182,0.182,0.182,0.182,4.368,4.368,4.368,4.368,4.368,4.368,4.368,4.368,4.368,4.368,107.136,107.136,103.68,107.136,103.68
X148,0.366046887,0.232,0.311650098,0.232,0.287104002,0.232,0.276027781,0.232,0.271029729,0.232,0.268774399,0.232,0.232,0.232,0.232,0.232,0.232,0.232,0.232,0.232,0.232,0.232,0.232,0.232,5.568,5.568,5.568,5.568,5.568,5.568,5.568,5.568,5.568,5.568,251.472,251.472,243.36,251.472,243.36
X149,0.374408541,0.294,0.35568195,0.294,0.349454591,0.294,0.347386301,0.294,0.346701923,0.294,0.346478036,0.294,0.294,0.294,0.294,0.294,0.294,0.294,0.294,0.294,0.294,0.294,0.294,0.294,7.056,7.056,7.056,7.056,7.056,7.056,7.056,7.056,7.056,7.056,169.632,169.632,164.16,169.632,164.16
X155,0.779302582,0.23,0.46238553,0.23,0.398470585,0.23,0.385644541,0.23,0.383134918,0.23,0.382708496,0.23,0.23,0.23,0.23,0.23,0.23,0.23,0.23,0.23,0.23,0.23,0.23,0.23,5.52,5.52,5.52,5.52,5.52,5.52,5.52,5.52,5.52,5.52,91.512,91.512,88.56,91.512,88.56
X157,0.303209653,0.203,0.284368426,0.203,0.276550314,0.203,0.273305724,0.203,0.271958703,0.203,0.271398989,0.203,0.203,0.203,0.203,0.203,0.203,0.203,0.203,0.203,0.203,0.203,0.203,0.203,4.872,4.872,4.872,4.872,4.872,4.872,4.872,4.872,4.872,4.872,220.224,220.224,213.12,220.224,213.12
X158,0.606025291,0.227,0.522963054,0.227,0.49120508,0.227,0.479082238,0.227,0.47447414,0.227,0.47274208,0.227,0.227,0.227,0.227,0.227,0.227,0.227,0.227,0.227,0.227,0.227,0.227,0.227,5.448,5.448,5.448,5.448,5.448,5.448,5.448,5.448,5.448,5.448,241.8,241.8,234,241.8,234
X160,0.273986685,0.289,0.265102296,0.289,0.263183606,0.289,0.262778699,0.289,0.262702766,0.289,0.262698325,0.289,0.289,0.289,0.289,0.289,0.289,0.289,0.289,0.289,0.289,0.289,0.289,0.289,6.936,6.936,6.936,6.936,6.936,6.936,6.936,6.936,6.936,6.936,250.728,250.728,242.64,250.728,242.64
X161,0.981520725,0.421,0.78039768,0.421,0.678861469,0.421,0.627604744,0.421,0.601733169,0.421,0.588678071,0.421,0.421,0.421,0.421,0.421,0.421,0.421,0.421,0.421,0.421,0.421,0.421,0.421,10.104,10.104,10.104,10.104,10.104,10.104,10.104,10.104,10.104,10.104,190.836,190.836,184.68,190.836,184.68
X163,0.284835393,0.288,0.291425408,0.288,0.295486055,0.288,0.297988151,0.288,0.299529897,0.288,0.300479893,0.288,0.288,0.288,0.288,0.288,0.288,0.288,0.288,0.288,0.288,0.288,0.288,0.288,6.912,6.912,6.912,6.912,6.912,6.912,6.912,6.912,6.912,6.912,252.96,252.96,244.8,252.96,244.8
X165,0.303902198,0.278,0.278758065,0.278,0.268544874,0.278,0.264394954,0.278,0.262707253,0.278,0.262019428,0.278,0.278,0.278,0.278,0.278,0.278,0.278,0.278,0.278,0.278,0.278,0.278,0.278,6.672,6.672,6.672,6.672,6.672,6.672,6.672,6.672,6.672,6.672,126.48,126.48,122.4,126.48,122.4
X166,0.761760972,0.512,0.66127295,0.512,0.618530627,0.512,0.600363885,0.512,0.59265609,0.512,0.589399443,0.512,0.512,0.512,0.512,0.512,0.512,0.512,0.512,0.512,0.512,0.512,0.512,0.512,12.288,12.288,12.288,12.288,12.288,12.288,12.288,12.288,12.288,12.288,307.272,307.272,297.36,307.272,297.36
X172,0.073986308,0.077,0.086508253,0.077,0.093114591,0.077,0.096600113,0.077,0.098439228,0.077,0.09940977,0.077,0.077,0.077,0.077,0.077,0.077,0.077,0.077,0.077,0.077,0.077,0.077,0.077,1.848,1.848,1.848,1.848,1.848,1.848,1.848,1.848,1.848,1.848,153.822,153.822,148.86,153.822,148.86
X175,0.514806016,0.246,0.402486992,0.246,0.359097329,0.246,0.342335583,0.246,0.335860398,0.246,0.333358986,0.246,0.246,0.246,0.246,0.246,0.246,0.246,0.246,0.246,0.246,0.246,0.246,0.246,5.904,5.904,5.904,5.904,5.904,5.904,5.904,5.904,5.904,5.904,93.744,93.744,90.72,93.744,90.72
X176,0.334657153,0.237,0.30683429,0.237,0.290287078,0.237,0.280445883,0.237,0.274592985,0.237,0.271112066,0.237,0.237,0.237,0.237,0.237,0.237,0.237,0.237,0.237,0.237,0.237,0.237,0.237,5.688,5.688,5.688,5.688,5.688,5.688,5.688,5.688,5.688,5.688,235.104,235.104,227.52,235.104,227.52
X177,0.509736703,0.2415,0.388589115,0.2415,0.35002408,0.2415,0.337751427,0.2415,0.333849662,0.2415,0.332612995,0.2415,0.2415,0.2415,0.2415,0.2415,0.2415,0.2415,0.2415,0.2415,0.2415,0.2415,0.2415,0.2415,5.796,5.796,5.796,5.796,5.796,5.796,5.796,5.796,5.796,5.796,178.56,178.56,172.8,178.56,172.8
X178,0.60231366,0.281,0.48660927,0.281,0.44919571,0.281,0.437110728,0.281,0.433220025,0.281,0.431980326,0.281,0.281,0.281,0.281,0.281,0.281,0.281,0.281,0.281,0.281,0.281,0.281,0.281,6.744,6.744,6.744,6.744,6.744,6.744,6.744,6.744,6.744,6.744,200.88,200.88,194.4,200.88,194.4
X183,0.242866506,0.184,0.222925154,0.184,0.210480814,0.184,0.202714962,0.184,0.197868705,0.184,0.194844414,0.184,0.184,0.184,0.184,0.184,0.184,0.184,0.184,0.184,0.184,0.184,0.184,0.184,4.416,4.416,4.416,4.416,4.416,4.416,4.416,4.416,4.416,4.416,183.024,183.024,177.12,183.024,177.12
X186,0.279747006,0.175,0.278350115,0.175,0.27820957,0.175,0.278202121,0.175,0.278208773,0.175,0.278216919,0.175,0.175,0.175,0.175,0.175,0.175,0.175,0.175,0.175,0.175,0.175,0.175,0.175,4.2,4.2,4.2,4.2,4.2,4.2,4.2,4.2,4.2,4.2,232.128,232.128,224.64,232.128,224.64
X187,0.351702346,0.248,0.332812864,0.248,0.323904322,0.248,0.319711305,0.248,0.317746152,0.248,0.316833559,0.248,0.248,0.248,0.248,0.248,0.248,0.248,0.248,0.248,0.248,0.248,0.248,0.248,5.952,5.952,5.952,5.952,5.952,5.952,5.952,5.952,5.952,5.952,128.712,128.712,124.56,128.712,124.56
X192,0.264821251,0.345,0.244094508,0.345,0.235842774,0.345,0.232532626,0.345,0.231179932,0.345,0.230602622,0.345,0.345,0.345,0.345,0.345,0.345,0.345,0.345,0.345,0.345,0.345,0.345,0.345,8.28,8.28,8.28,8.28,8.28,8.28,8.28,8.28,8.28,8.28,297.6,297.6,288,297.6,288
X194,0.183013134,0.191,0.18944916,0.191,0.190703745,0.191,0.190927632,0.191,0.19094649,0.191,0.190924564,0.191,0.191,0.191,0.191,0.191,0.191,0.191,0.191,0.191,0.191,0.191,0.191,0.191,4.584,4.584,4.584,4.584,4.584,4.584,4.584,4.584,4.584,4.584,316.2,316.2,306,316.2,306
X195,0.472558284,0.312,0.411969221,0.312,0.375066606,0.312,0.352590554,0.312,0.338901201,0.312,0.330563509,0.312,0.312,0.312,0.312,0.312,0.312,0.312,0.312,0.312,0.312,0.312,0.312,0.312,7.488,7.488,7.488,7.488,7.488,7.488,7.488,7.488,7.488,7.488,215.76,215.76,208.8,215.76,208.8
X196,0.622902606,0.446,0.567073597,0.446,0.528927326,0.446,0.502863133,0.446,0.485054259,0.446,0.472885994,0.446,0.446,0.446,0.446,0.446,0.446,0.446,0.446,0.446,0.446,0.446,0.446,0.446,10.704,10.704,10.704,10.704,10.704,10.704,10.704,10.704,10.704,10.704,230.64,230.64,223.2,230.64,223.2
X200,0.31009937,0.206,0.31407131,0.206,0.314722227,0.206,0.314846244,0.206,0.314886666,0.206,0.314913825,0.206,0.206,0.206,0.206,0.206,0.206,0.206,0.206,0.206,0.206,0.206,0.206,0.206,4.944,4.944,4.944,4.944,4.944,4.944,4.944,4.944,4.944,4.944,252.96,252.96,244.8,252.96,244.8
X201,0.377025185,0.256,0.343987457,0.256,0.329163901,0.256,0.322512783,0.256,0.319528522,0.256,0.318189527,0.256,0.256,0.256,0.256,0.256,0.256,0.256,0.256,0.256,0.256,0.256,0.256,0.256,6.144,6.144,6.144,6.144,6.144,6.144,6.144,6.144,6.144,6.144,994.728,994.728,962.64,994.728,962.64
X205,0.40463732,0.347,0.42664913,0.347,0.436558851,0.347,0.441023807,0.347,0.443039148,0.347,0.4439524,0.347,0.347,0.347,0.347,0.347,0.347,0.347,0.347,0.347,0.347,0.347,0.347,0.347,8.328,8.328,8.328,8.328,8.328,8.328,8.328,8.328,8.328,8.328,193.44,193.44,187.2,193.44,187.2
X206,0.392797853,0.335,0.348238672,0.335,0.327016417,0.335,0.316909157,0.335,0.312095788,0.335,0.309803811,0.335,0.335,0.335,0.335,0.335,0.335,0.335,0.335,0.335,0.335,0.335,0.335,0.335,8.04,8.04,8.04,8.04,8.04,8.04,8.04,8.04,8.04,8.04,203.112,203.112,196.56,203.112,196.56
X211,0.24209156,0.272,0.261178465,0.272,0.272104223,0.272,0.278358364,0.272,0.28193837,0.272,0.283987643,0.272,0.272,0.272,0.272,0.272,0.272,0.272,0.272,0.272,0.272,0.272,0.272,0.272,6.528,6.528,6.528,6.528,6.528,6.528,6.528,6.528,6.528,6.528,133.92,133.92,129.6,133.92,129.6
X213,0.351918005,0.258230769,0.322726243,0.258230769,0.302382611,0.258230769,0.288205208,0.258230769,0.278325028,0.258230769,0.271439567,0.258230769,0.258230769,0.258230769,0.258230769,0.258230769,0.258230769,0.258230769,0.258230769,0.258230769,0.258230769,0.258230769,0.258230769,0.258230769,6.197538462,6.197538462,6.197538462,6.197538462,6.197538462,6.197538462,6.197538462,6.197538462,6.197538462,6.197538462,201.624,201.624,195.12,201.624,195.12
X214,0.537204202,0.399714286,0.491370744,0.399714286,0.461597622,0.399714286,0.442257191,0.399714286,0.42969377,0.399714286,0.421532652,0.399714286,0.399714286,0.399714286,0.399714286,0.399714286,0.399714286,0.399714286,0.399714286,0.399714286,0.399714286,0.399714286,0.399714286,0.399714286,9.593142857,9.593142857,9.593142857,9.593142857,9.593142857,9.593142857,9.593142857,9.593142857,9.593142857,9.593142857,217.248,217.248,210.24,217.248,210.24
X215,0.630654495,0.42,0.568165756,0.42,0.526107731,0.42,0.497800592,0.42,0.478748482,0.42,0.465925466,0.42,0.42,0.42,0.42,0.42,0.42,0.42,0.42,0.42,0.42,0.42,0.42,0.42,10.08,10.08,10.08,10.08,10.08,10.08,10.08,10.08,10.08,10.08,273.792,273.792,264.96,273.792,264.96
X216,0.448999429,0.144,0.287915491,0.144,0.237647515,0.144,0.221964285,0.144,0.217074669,0.144,0.21555365,0.144,0.144,0.144,0.144,0.144,0.144,0.144,0.144,0.144,0.144,0.144,0.144,0.144,3.456,3.456,3.456,3.456,3.456,3.456,3.456,3.456,3.456,3.456,204.352,204.352,197.76,204.352,197.76
X217,0.182307921,0.338,0.227563282,0.338,0.259534067,0.338,0.282119923,0.338,0.298075768,0.338,0.309347823,0.338,0.338,0.338,0.338,0.338,0.338,0.338,0.338,0.338,0.338,0.338,0.338,0.338,8.112,8.112,8.112,8.112,8.112,8.112,8.112,8.112,8.112,8.112,255.192,255.192,246.96,255.192,246.96
X218,0.322878978,0.228,0.330524433,0.228,0.332541225,0.228,0.333087941,0.228,0.333250707,0.228,0.333313195,0.228,0.228,0.228,0.228,0.228,0.228,0.228,0.228,0.228,0.228,0.228,0.228,0.228,5.472,5.472,5.472,5.472,5.472,5.472,5.472,5.472,5.472,5.472,105.648,105.648,102.24,105.648,102.24
X219,0.199043769,0.123,0.184687489,0.123,0.182585626,0.123,0.182301412,0.123,0.182286803,0.123,0.182312183,0.123,0.123,0.123,0.123,0.123,0.123,0.123,0.123,0.123,0.123,0.123,0.123,0.123,2.952,2.952,2.952,2.952,2.952,2.952,2.952,2.952,2.952,2.952,139.872,139.872,135.36,139.872,135.36
X223,0.368690943,0.296,0.385291759,0.296,0.390239795,0.296,0.391723568,0.296,0.392177447,0.296,0.392325148,0.296,0.296,0.296,0.296,0.296,0.296,0.296,0.296,0.296,0.296,0.296,0.296,0.296,7.104,7.104,7.104,7.104,7.104,7.104,7.104,7.104,7.104,7.104,146.568,146.568,141.84,146.568,141.84
X225,0.250989595,0.325,0.290190057,0.325,0.309357857,0.325,0.318729386,0.325,0.32331039,0.325,0.325548755,0.325,0.325,0.325,0.325,0.325,0.325,0.325,0.325,0.325,0.325,0.325,0.325,0.325,7.8,7.8,7.8,7.8,7.8,7.8,7.8,7.8,7.8,7.8,259.656,259.656,251.28,259.656,251.28
X228,0.47250137,0.337,0.416190428,0.337,0.387406197,0.337,0.372692682,0.337,0.365171636,0.337,0.361327134,0.337,0.337,0.337,0.337,0.337,0.337,0.337,0.337,0.337,0.337,0.337,0.337,0.337,8.088,8.088,8.088,8.088,8.088,8.088,8.088,8.088,8.088,8.088,151.032,151.032,146.16,151.032,146.16
X229,0.514589526,0.2565,0.50931687,0.2565,0.507389734,0.2565,0.506699825,0.2565,0.506467463,0.2565,0.506404309,0.2565,0.2565,0.2565,0.2565,0.2565,0.2565,0.2565,0.2565,0.2565,0.2565,0.2565,0.2565,0.2565,6.156,6.156,6.156,6.156,6.156,6.156,6.156,6.156,6.156,6.156,145.452,145.452,140.76,145.452,140.76
X230,0.27534421,0.34,0.25117901,0.34,0.245760146,0.34,0.244538723,0.34,0.244257138,0.34,0.244185988,0.34,0.34,0.34,0.34,0.34,0.34,0.34,0.34,0.34,0.34,0.34,0.34,0.34,8.16,8.16,8.16,8.16,8.16,8.16,8.16,8.16,8.16,8.16,128.712,128.712,124.56,128.712,124.56
X231,0.259191167,0.17,0.237631811,0.17,0.230047219,0.17,0.227382747,0.17,0.226450513,0.17,0.226128149,0.17,0.17,0.17,0.17,0.17,0.17,0.17,0.17,0.17,0.17,0.17,0.17,0.17,4.08,4.08,4.08,4.08,4.08,4.08,4.08,4.08,4.08,4.08,172.608,172.608,167.04,172.608,167.04
X232,0.446460972,0.413,0.439315264,0.413,0.43777387,0.413,0.437433457,0.413,0.437350409,0.413,0.437322514,0.413,0.413,0.413,0.413,0.413,0.413,0.413,0.413,0.413,0.413,0.413,0.413,0.413,9.912,9.912,9.912,9.912,9.912,9.912,9.912,9.912,9.912,9.912,1704.504,1704.504,1649.52,1704.504,1649.52
X233,0.27119041,0.20675,0.227952411,0.20675,0.20240655,0.20675,0.18730776,0.20675,0.178377884,0.20675,0.173090704,0.20675,0.20675,0.20675,0.20675,0.20675,0.20675,0.20675,0.20675,0.20675,0.20675,0.20675,0.20675,0.20675,4.962,4.962,4.962,4.962,4.962,4.962,4.962,4.962,4.962,4.962,238.824,238.824,231.12,238.824,231.12
X235,0.14186289,0.126,0.148719318,0.126,0.149528397,0.126,0.14962448,0.126,0.149636498,0.126,0.149638605,0.126,0.126,0.126,0.126,0.126,0.126,0.126,0.126,0.126,0.126,0.126,0.126,0.126,3.024,3.024,3.024,3.024,3.024,3.024,3.024,3.024,3.024,3.024,107.88,107.88,104.4,107.88,104.4
X241,0.270290536,0.316,0.281227204,0.316,0.289386742,0.316,0.295474342,0.316,0.300016127,0.316,0.303404624,0.316,0.316,0.316,0.316,0.316,0.316,0.316,0.316,0.316,0.316,0.316,0.316,0.316,7.584,7.584,7.584,7.584,7.584,7.584,7.584,7.584,7.584,7.584,310.248,310.248,300.24,310.248,300.24
X242,0.291366549,0.24,0.334400431,0.24,0.339098743,0.24,0.339649637,0.24,0.339751833,0.24,0.339805486,0.24,0.24,0.24,0.24,0.24,0.24,0.24,0.24,0.24,0.24,0.24,0.24,0.24,5.76,5.76,5.76,5.76,5.76,5.76,5.76,5.76,5.76,5.76,264.12,264.12,255.6,264.12,255.6
X243,0.227169762,0.27,0.242644189,0.27,0.246347547,0.27,0.247213442,0.27,0.247395355,0.27,0.247412391,0.27,0.27,0.27,0.27,0.27,0.27,0.27,0.27,0.27,0.27,0.27,0.27,0.27,6.48,6.48,6.48,6.48,6.48,6.48,6.48,6.48,6.48,6.48,153.264,153.264,148.32,153.264,148.32
X245,0.193474961,0.246,0.219290256,0.246,0.23131941,0.246,0.236924051,0.246,0.23953479,0.246,0.240750333,0.246,0.246,0.246,0.246,0.246,0.246,0.246,0.246,0.246,0.246,0.246,0.246,0.246,5.904,5.904,5.904,5.904,5.904,5.904,5.904,5.904,5.904,5.904,400.272,400.272,387.36,400.272,387.36
X247,0.177604026,0.312,0.226764524,0.312,0.25061595,0.312,0.262191014,0.312,0.267811333,0.312,0.270543257,0.312,0.312,0.312,0.312,0.312,0.312,0.312,0.312,0.312,0.312,0.312,0.312,0.312,7.488,7.488,7.488,7.488,7.488,7.488,7.488,7.488,7.488,7.488,133.92,133.92,129.6,133.92,129.6
X248,0.151448008,0.173,0.160304579,0.173,0.163376925,0.173,0.164434624,0.173,0.16479062,0.173,0.164902213,0.173,0.173,0.173,0.173,0.173,0.173,0.173,0.173,0.173,0.173,0.173,0.173,0.173,4.152,4.152,4.152,4.152,4.152,4.152,4.152,4.152,4.152,4.152,151.032,151.032,146.16,151.032,146.16
X250,1.464921402,0.4,1.097055852,0.4,0.914261768,0.4,0.823442074,0.4,0.778330607,0.4,0.755934615,0.4,0.4,0.4,0.4,0.4,0.4,0.4,0.4,0.4,0.4,0.4,0.4,0.4,9.6,9.6,9.6,9.6,9.6,9.6,9.6,9.6,9.6,9.6,114.576,114.576,110.88,114.576,110.88
X252,0.350797231,0.425,0.406558659,0.425,0.424474429,0.425,0.430235908,0.425,0.432093985,0.425,0.43269847,0.425,0.425,0.425,0.425,0.425,0.425,0.425,0.425,0.425,0.425,0.425,0.425,0.425,10.2,10.2,10.2,10.2,10.2,10.2,10.2,10.2,10.2,10.2,198.648,198.648,192.24,198.648,192.24
X253,0.2299925,0.29,0.220394213,0.29,0.21774235,0.29,0.216995928,0.29,0.216772178,0.29,0.216691801,0.29,0.29,0.29,0.29,0.29,0.29,0.29,0.29,0.29,0.29,0.29,0.29,0.29,6.96,6.96,6.96,6.96,6.96,6.96,6.96,6.96,6.96,6.96,399.528,399.528,386.64,399.528,386.64
X254,0.372307341,0.31,0.341433343,0.31,0.323549449,0.31,0.313190128,0.31,0.307189447,0.31,0.303713527,0.31,0.31,0.31,0.31,0.31,0.31,0.31,0.31,0.31,0.31,0.31,0.31,0.31,7.44,7.44,7.44,7.44,7.44,7.44,7.44,7.44,7.44,7.44,126.48,126.48,122.4,126.48,122.4
X255,0.492568497,0.34,0.444459121,0.34,0.428249564,0.34,0.422793131,0.34,0.420961475,0.34,0.420351697,0.34,0.34,0.34,0.34,0.34,0.34,0.34,0.34,0.34,0.34,0.34,0.34,0.34,8.16,8.16,8.16,8.16,8.16,8.16,8.16,8.16,8.16,8.16,154.752,154.752,149.76,154.752,149.76
X260,0.328643289,0.26,0.306792752,0.26,0.301910667,0.26,0.300828181,0.26,0.300596507,0.26,0.300555347,0.26,0.26,0.26,0.26,0.26,0.26,0.26,0.26,0.26,0.26,0.26,0.26,0.26,6.24,6.24,6.24,6.24,6.24,6.24,6.24,6.24,6.24,6.24,58.776,58.776,56.88,58.776,56.88
X262,0.260678549,0.273,0.256261142,0.273,0.254964581,0.273,0.254571037,0.273,0.25443878,0.273,0.254382126,0.273,0.273,0.273,0.273,0.273,0.273,0.273,0.273,0.273,0.273,0.273,0.273,0.273,6.552,6.552,6.552,6.552,6.552,6.552,6.552,6.552,6.552,6.552,127.224,127.224,123.12,127.224,123.12
X263,0.372681796,0.18,0.321139971,0.18,0.298876456,0.18,0.289262363,0.18,0.285113337,0.18,0.283325442,0.18,0.18,0.18,0.18,0.18,0.18,0.18,0.18,0.18,0.18,0.18,0.18,0.18,4.32,4.32,4.32,4.32,4.32,4.32,4.32,4.32,4.32,4.32,179.304,179.304,173.52,179.304,173.52
X266,0.615516797,0.271,0.475547057,0.271,0.437539976,0.271,0.427256766,0.271,0.424511737,0.271,0.423816356,0.271,0.271,0.271,0.271,0.271,0.271,0.271,0.271,0.271,0.271,0.271,0.271,0.271,6.504,6.504,6.504,6.504,6.504,6.504,6.504,6.504,6.504,6.504,174.84,174.84,169.2,174.84,169.2
X269,0.263841635,0.292,0.27424713,0.292,0.276601742,0.292,0.277139389,0.292,0.277266974,0.292,0.277302013,0.292,0.292,0.292,0.292,0.292,0.292,0.292,0.292,0.292,0.292,0.292,0.292,0.292,7.008,7.008,7.008,7.008,7.008,7.008,7.008,7.008,7.008,7.008,166.656,166.656,161.28,166.656,161.28
X270,0.589226326,0.368,0.489432377,0.368,0.470552506,0.368,0.467003093,0.368,0.466358279,0.368,0.466263787,0.368,0.368,0.368,0.368,0.368,0.368,0.368,0.368,0.368,0.368,0.368,0.368,0.368,8.832,8.832,8.832,8.832,8.832,8.832,8.832,8.832,8.832,8.832,171.864,171.864,166.32,171.864,166.32
X271,0.683888203,0.274666667,0.471545586,0.274666667,0.396060872,0.274666667,0.369229779,0.274666667,0.359695276,0.274666667,0.35630979,0.274666667,0.274666667,0.274666667,0.274666667,0.274666667,0.274666667,0.274666667,0.274666667,0.274666667,0.274666667,0.274666667,0.274666667,0.274666667,6.592,6.592,6.592,6.592,6.592,6.592,6.592,6.592,6.592,6.592,74.4,74.4,72,74.4,72
X275,0.6008692,0.343,0.524674023,0.343,0.506598599,0.343,0.502330391,0.343,0.501342295,0.343,0.501133438,0.343,0.343,0.343,0.343,0.343,0.343,0.343,0.343,0.343,0.343,0.343,0.343,0.343,8.232,8.232,8.232,8.232,8.232,8.232,8.232,8.232,8.232,8.232,139.872,139.872,135.36,139.872,135.36
X276,0.163452786,0.142,0.156174031,0.142,0.154305072,0.142,0.153820796,0.142,0.15369094,0.142,0.153651802,0.142,0.142,0.142,0.142,0.142,0.142,0.142,0.142,0.142,0.142,0.142,0.142,0.142,3.408,3.408,3.408,3.408,3.408,3.408,3.408,3.408,3.408,3.408,120.528,120.528,116.64,120.528,116.64
X282,0.486620217,0.188,0.335249102,0.188,0.286983591,0.188,0.271569117,0.188,0.266621492,0.188,0.265008766,0.188,0.188,0.188,0.188,0.188,0.188,0.188,0.188,0.188,0.188,0.188,0.188,0.188,4.512,4.512,4.512,4.512,4.512,4.512,4.512,4.512,4.512,4.512,4.464,4.464,4.32,4.464,4.32
X283,0.350505338,0.197,0.30071714,0.197,0.268936696,0.197,0.248650832,0.197,0.235702105,0.197,0.227436767,0.197,0.197,0.197,0.197,0.197,0.197,0.197,0.197,0.197,0.197,0.197,0.197,0.197,4.728,4.728,4.728,4.728,4.728,4.728,4.728,4.728,4.728,4.728,225.432,225.432,218.16,225.432,218.16
X286,0.426788323,0.349,0.414293416,0.349,0.410349068,0.349,0.409116174,0.349,0.408743105,0.349,0.408642693,0.349,0.349,0.349,0.349,0.349,0.349,0.349,0.349,0.349,0.349,0.349,0.349,0.349,8.376,8.376,8.376,8.376,8.376,8.376,8.376,8.376,8.376,8.376,143.592,143.592,138.96,143.592,138.96
X289,0.321024081,0.203,0.324837086,0.203,0.325823319,0.203,0.326095658,0.203,0.326187705,0.203,0.32623422,0.203,0.203,0.203,0.203,0.203,0.203,0.203,0.203,0.203,0.203,0.203,0.203,0.203,4.872,4.872,4.872,4.872,4.872,4.872,4.872,4.872,4.872,4.872,151.776,151.776,146.88,151.776,146.88
X296,0.294112187,0.1955,0.284757437,0.1955,0.281905595,0.1955,0.281048153,0.1955,0.280802381,0.1955,0.280744205,0.1955,0.1955,0.1955,0.1955,0.1955,0.1955,0.1955,0.1955,0.1955,0.1955,0.1955,0.1955,0.1955,4.692,4.692,4.692,4.692,4.692,4.692,4.692,4.692,4.692,4.692,95.976,95.976,92.88,95.976,92.88
X297,0.15055229,0.173,0.169212724,0.173,0.174615472,0.173,0.176181638,0.173,0.176637551,0.173,0.176772173,0.173,0.173,0.173,0.173,0.173,0.173,0.173,0.173,0.173,0.173,0.173,0.173,0.173,4.152,4.152,4.152,4.152,4.152,4.152,4.152,4.152,4.152,4.152,241.056,241.056,233.28,241.056,233.28
X299,0.340595958,0.232,0.285851931,0.232,0.269372547,0.232,0.264422069,0.232,0.262945181,0.232,0.262514866,0.232,0.232,0.232,0.232,0.232,0.232,0.232,0.232,0.232,0.232,0.232,0.232,0.232,5.568,5.568,5.568,5.568,5.568,5.568,5.568,5.568,5.568,5.568,136.896,136.896,132.48,136.896,132.48
X300,0.383134962,0.321,0.390230052,0.321,0.391630374,0.321,0.391922626,0.321,0.391999273,0.321,0.392033968,0.321,0.321,0.321,0.321,0.321,0.321,0.321,0.321,0.321,0.321,0.321,0.321,0.321,7.704,7.704,7.704,7.704,7.704,7.704,7.704,7.704,7.704,7.704,163.68,163.68,158.4,163.68,158.4
X302,0.015870314,0.145,0.01934088,0.145,0.019686762,0.145,0.019684065,0.145,0.019642481,0.145,0.019596559,0.145,0.145,0.145,0.145,0.145,0.145,0.145,0.145,0.145,0.145,0.145,0.145,0.145,3.48,3.48,3.48,3.48,3.48,3.48,3.48,3.48,3.48,3.48,119.04,119.04,115.2,119.04,115.2
X303,0.483531016,0.417,0.475254587,0.417,0.471258339,0.417,0.469328764,0.417,0.468397075,0.417,0.467947212,0.417,0.417,0.417,0.417,0.417,0.417,0.417,0.417,0.417,0.417,0.417,0.417,0.417,10.008,10.008,10.008,10.008,10.008,10.008,10.008,10.008,10.008,10.008,95.232,95.232,92.16,95.232,92.16
X305,0.576194223,0.355,0.503535155,0.355,0.487181149,0.355,0.483517447,0.355,0.482713946,0.355,0.48255509,0.355,0.355,0.355,0.355,0.355,0.355,0.355,0.355,0.355,0.355,0.355,0.355,0.355,8.52,8.52,8.52,8.52,8.52,8.52,8.52,8.52,8.52,8.52,223.944,223.944,216.72,223.944,216.72
X308,0.515636627,0.206,0.371986137,0.206,0.320648833,0.206,0.302316848,0.206,0.295785465,0.206,0.293473225,0.206,0.206,0.206,0.206,0.206,0.206,0.206,0.206,0.206,0.206,0.206,0.206,0.206,4.944,4.944,4.944,4.944,4.944,4.944,4.944,4.944,4.944,4.944,2039.304,2039.304,1973.52,2039.304,1973.52
X312,0.465534114,0.18,0.347233719,0.18,0.310554484,0.18,0.299182832,0.18,0.295658088,0.18,0.294566368,0.18,0.18,0.18,0.18,0.18,0.18,0.18,0.18,0.18,0.18,0.18,0.18,0.18,4.32,4.32,4.32,4.32,4.32,4.32,4.32,4.32,4.32,4.32,262.632,262.632,254.16,262.632,254.16
X313,0.126035922,0.203,0.155849227,0.203,0.176742825,0.203,0.191385363,0.203,0.201647066,0.203,0.208838617,0.203,0.203,0.203,0.203,0.203,0.203,0.203,0.203,0.203,0.203,0.203,0.203,0.203,4.872,4.872,4.872,4.872,4.872,4.872,4.872,4.872,4.872,4.872,191.952,191.952,185.76,191.952,185.76
X314,0.183780411,0.154,0.182818476,0.154,0.182569305,0.154,0.182516013,0.154,0.182516552,0.154,0.182531885,0.154,0.154,0.154,0.154,0.154,0.154,0.154,0.154,0.154,0.154,0.154,0.154,0.154,3.696,3.696,3.696,3.696,3.696,3.696,3.696,3.696,3.696,3.696,85.56,85.56,82.8,85.56,82.8
X315,0.35690943,0.267,0.346475307,0.267,0.34499417,0.267,0.344786966,0.267,0.344761032,0.267,0.34476089,0.267,0.267,0.267,0.267,0.267,0.267,0.267,0.267,0.267,0.267,0.267,0.267,0.267,6.408,6.408,6.408,6.408,6.408,6.408,6.408,6.408,6.408,6.408,193.44,193.44,187.2,193.44,187.2
X320,0.188328298,0.17,0.221999751,0.17,0.234512416,0.17,0.23916934,0.17,0.24090962,0.17,0.24156702,0.17,0.17,0.17,0.17,0.17,0.17,0.17,0.17,0.17,0.17,0.17,0.17,0.17,4.08,4.08,4.08,4.08,4.08,4.08,4.08,4.08,4.08,4.08,130.2,130.2,126,130.2,126
X323,0.305287851,0.208,0.266805151,0.208,0.257570413,0.208,0.25535878,0.208,0.254833555,0.208,0.254713276,0.208,0.208,0.208,0.208,0.208,0.208,0.208,0.208,0.208,0.208,0.208,0.208,0.208,4.992,4.992,4.992,4.992,4.992,4.992,4.992,4.992,4.992,4.992,151.032,151.032,146.16,151.032,146.16
X326,0.244782061,0.079,0.201416023,0.079,0.190965511,0.079,0.188457116,0.079,0.187865058,0.079,0.187735389,0.079,0.079,0.079,0.079,0.079,0.079,0.079,0.079,0.079,0.079,0.079,0.079,0.079,1.896,1.896,1.896,1.896,1.896,1.896,1.896,1.896,1.896,1.896,239.568,239.568,231.84,239.568,231.84
X329,0.382271906,0.171,0.31045851,0.171,0.267921403,0.171,0.242725471,0.171,0.227801207,0.171,0.218961143,0.171,0.171,0.171,0.171,0.171,0.171,0.171,0.171,0.171,0.171,0.171,0.171,0.171,4.104,4.104,4.104,4.104,4.104,4.104,4.104,4.104,4.104,4.104,164.424,164.424,159.12,164.424,159.12
X330,0.753710648,0.241,0.560611234,0.241,0.493142773,0.241,0.469583948,0.241,0.461372108,0.241,0.458524236,0.241,0.241,0.241,0.241,0.241,0.241,0.241,0.241,0.241,0.241,0.241,0.241,0.241,5.784,5.784,5.784,5.784,5.784,5.784,5.784,5.784,5.784,5.784,235.848,235.848,228.24,235.848,228.24
X331,0.410747872,0.235,0.348491816,0.235,0.312595286,0.235,0.291897527,0.235,0.279963303,0.235,0.273082089,0.235,0.235,0.235,0.235,0.235,0.235,0.235,0.235,0.235,0.235,0.235,0.235,0.235,5.64,5.64,5.64,5.64,5.64,5.64,5.64,5.64,5.64,5.64,121.272,121.272,117.36,121.272,117.36
X333,0.229855644,0.224,0.238928351,0.224,0.242522053,0.224,0.243950918,0.224,0.244524425,0.224,0.244759966,0.224,0.224,0.224,0.224,0.224,0.224,0.224,0.224,0.224,0.224,0.224,0.224,0.224,5.376,5.376,5.376,5.376,5.376,5.376,5.376,5.376,5.376,5.376,211.296,211.296,204.48,211.296,204.48
X337,0.449327968,0.231,0.37837478,0.231,0.338364006,0.231,0.315801777,0.231,0.30307885,0.231,0.295904343,0.231,0.231,0.231,0.231,0.231,0.231,0.231,0.231,0.231,0.231,0.231,0.231,0.231,5.544,5.544,5.544,5.544,5.544,5.544,5.544,5.544,5.544,5.544,107.88,107.88,104.4,107.88,104.4
X341,0.605656248,0.1,0.434535582,0.1,0.331478501,0.1,0.269412578,0.1,0.232033498,0.1,0.209522022,0.1,0.1,0.1,0.1,0.1,0.1,0.1,0.1,0.1,0.1,0.1,0.1,0.1,2.4,2.4,2.4,2.4,2.4,2.4,2.4,2.4,2.4,2.4,76.632,76.632,74.16,76.632,74.16
X347,0.278296209,0.188,0.239140107,0.188,0.225565425,0.188,0.220859338,0.188,0.219227827,0.188,0.218662213,0.188,0.188,0.188,0.188,0.188,0.188,0.188,0.188,0.188,0.188,0.188,0.188,0.188,4.512,4.512,4.512,4.512,4.512,4.512,4.512,4.512,4.512,4.512,191.952,191.952,185.76,191.952,185.76
X349,0.49320167,0.162,0.366057079,0.162,0.29548546,0.162,0.256314864,0.162,0.234573514,0.162,0.222506328,0.162,0.162,0.162,0.162,0.162,0.162,0.162,0.162,0.162,0.162,0.162,0.162,0.162,3.888,3.888,3.888,3.888,3.888,3.888,3.888,3.888,3.888,3.888,87.048,87.048,84.24,87.048,84.24
X350,0.413960104,0.303,0.338566798,0.303,0.314398983,0.303,0.30664432,0.303,0.304148594,0.303,0.303337882,0.303,0.303,0.303,0.303,0.303,0.303,0.303,0.303,0.303,0.303,0.303,0.303,0.303,7.272,7.272,7.272,7.272,7.272,7.272,7.272,7.272,7.272,7.272,151.032,151.032,146.16,151.032,146.16
X352,0.363651807,0.193,0.322488333,0.193,0.31233162,0.193,0.309831077,0.193,0.309220992,0.193,0.309077697,0.193,0.193,0.193,0.193,0.193,0.193,0.193,0.193,0.193,0.193,0.193,0.193,0.193,4.632,4.632,4.632,4.632,4.632,4.632,4.632,4.632,4.632,4.632,217.992,217.992,210.96,217.992,210.96
X353,0.192036652,0.204,0.207207671,0.204,0.215081236,0.204,0.219167517,0.204,0.221288245,0.204,0.222388875,0.204,0.204,0.204,0.204,0.204,0.204,0.204,0.204,0.204,0.204,0.204,0.204,0.204,4.896,4.896,4.896,4.896,4.896,4.896,4.896,4.896,4.896,4.896,310.992,310.992,300.96,310.992,300.96
X354,0.161043531,0.129,0.176628089,0.129,0.183303765,0.129,0.186163304,0.129,0.187388193,0.129,0.187912877,0.129,0.129,0.129,0.129,0.129,0.129,0.129,0.129,0.129,0.129,0.129,0.129,0.129,3.096,3.096,3.096,3.096,3.096,3.096,3.096,3.096,3.096,3.096,225.432,225.432,218.16,225.432,218.16
X357,0.443899159,0.324,0.3447561,0.324,0.311810301,0.324,0.300860071,0.324,0.297218378,0.324,0.296005115,0.324,0.324,0.324,0.324,0.324,0.324,0.324,0.324,0.324,0.324,0.324,0.324,0.324,7.776,7.776,7.776,7.776,7.776,7.776,7.776,7.776,7.776,7.776,1635.312,1635.312,1582.56,1635.312,1582.56
X358,0.183142505,0.184,0.193271243,0.184,0.197134273,0.184,0.198609611,0.184,0.199175065,0.184,0.199393787,0.184,0.184,0.184,0.184,0.184,0.184,0.184,0.184,0.184,0.184,0.184,0.184,0.184,4.416,4.416,4.416,4.416,4.416,4.416,4.416,4.416,4.416,4.416,109.368,109.368,105.84,109.368,105.84
X363,0.292378866,0.22,0.347406781,0.22,0.360895615,0.22,0.364213952,0.22,0.365042127,0.22,0.365260607,0.22,0.22,0.22,0.22,0.22,0.22,0.22,0.22,0.22,0.22,0.22,0.22,0.22,5.28,5.28,5.28,5.28,5.28,5.28,5.28,5.28,5.28,5.28,29.76,29.76,28.8,29.76,28.8
X364,0.357298291,0.16,0.332786848,0.16,0.324052707,0.16,0.320946821,0.16,0.319848708,0.16,0.319466831,0.16,0.16,0.16,0.16,0.16,0.16,0.16,0.16,0.16,0.16,0.16,0.16,0.16,3.84,3.84,3.84,3.84,3.84,3.84,3.84,3.84,3.84,3.84,138.384,138.384,133.92,138.384,133.92
X367,0.283949812,0.128,0.222185545,0.128,0.189644968,0.128,0.172500926,0.128,0.163468567,0.128,0.158709858,0.128,0.128,0.128,0.128,0.128,0.128,0.128,0.128,0.128,0.128,0.128,0.128,0.128,3.072,3.072,3.072,3.072,3.072,3.072,3.072,3.072,3.072,3.072,112.344,112.344,108.72,112.344,108.72
X368,0.473168597,0.301,0.391506742,0.301,0.352470524,0.301,0.333810327,0.301,0.32489033,0.301,0.320626369,0.301,0.301,0.301,0.301,0.301,0.301,0.301,0.301,0.301,0.301,0.301,0.301,0.301,7.224,7.224,7.224,7.224,7.224,7.224,7.224,7.224,7.224,7.224,20.832,20.832,20.16,20.832,20.16
X371,0.439815178,0.353,0.370306676,0.353,0.34662716,0.353,0.338566931,0.353,0.335830016,0.353,0.334907375,0.353,0.353,0.353,0.353,0.353,0.353,0.353,0.353,0.353,0.353,0.353,0.353,0.353,8.472,8.472,8.472,8.472,8.472,8.472,8.472,8.472,8.472,8.472,214.272,214.272,207.36,214.272,207.36
X376,0.441859311,0.258,0.369116933,0.258,0.34209161,0.258,0.332055305,0.258,0.328332328,0.258,0.326955461,0.258,0.258,0.258,0.258,0.258,0.258,0.258,0.258,0.258,0.258,0.258,0.258,0.258,6.192,6.192,6.192,6.192,6.192,6.192,6.192,6.192,6.192,6.192,212.04,212.04,205.2,212.04,205.2
X377,0.135118023,0.115,0.160857712,0.115,0.165932644,0.115,0.166927959,0.115,0.167117879,0.115,0.167148799,0.115,0.115,0.115,0.115,0.115,0.115,0.115,0.115,0.115,0.115,0.115,0.115,0.115,2.76,2.76,2.76,2.76,2.76,2.76,2.76,2.76,2.76,2.76,151.776,151.776,146.88,151.776,146.88
X378,0.276596724,0.26,0.346785925,0.26,0.360239682,0.26,0.362837353,0.26,0.36335776,0.26,0.36348069,0.26,0.26,0.26,0.26,0.26,0.26,0.26,0.26,0.26,0.26,0.26,0.26,0.26,6.24,6.24,6.24,6.24,6.24,6.24,6.24,6.24,6.24,6.24,195.672,195.672,189.36,195.672,189.36
X379,0.838489057,0.175,0.578174775,0.175,0.489456164,0.175,0.459234954,0.175,0.448955656,0.175,0.445474606,0.175,0.175,0.175,0.175,0.175,0.175,0.175,0.175,0.175,0.175,0.175,0.175,0.175,4.2,4.2,4.2,4.2,4.2,4.2,4.2,4.2,4.2,4.2,264.864,264.864,256.32,264.864,256.32
X383,0.389207666,0.203,0.322671182,0.203,0.300801912,0.203,0.293601471,0.203,0.291218312,0.203,0.29041716,0.203,0.203,0.203,0.203,0.203,0.203,0.203,0.203,0.203,0.203,0.203,0.203,0.203,4.872,4.872,4.872,4.872,4.872,4.872,4.872,4.872,4.872,4.872,271.56,271.56,262.8,271.56,262.8
X386,0.411861533,0.322,0.376675709,0.322,0.355570438,0.322,0.342911009,0.322,0.335317591,0.322,0.330762883,0.322,0.322,0.322,0.322,0.322,0.322,0.322,0.322,0.322,0.322,0.322,0.322,0.322,7.728,7.728,7.728,7.728,7.728,7.728,7.728,7.728,7.728,7.728,257.424,257.424,249.12,257.424,249.12
X389,0.388371709,0.221,0.351392774,0.221,0.337649575,0.221,0.332575151,0.221,0.33073487,0.221,0.330101181,0.221,0.221,0.221,0.221,0.221,0.221,0.221,0.221,0.221,0.221,0.221,0.221,0.221,5.304,5.304,5.304,5.304,5.304,5.304,5.304,5.304,5.304,5.304,226.92,226.92,219.6,226.92,219.6
X393,0.299035248,0.317,0.3070724,0.317,0.310778978,0.317,0.312488378,0.317,0.31327672,0.317,0.313640288,0.317,0.317,0.317,0.317,0.317,0.317,0.317,0.317,0.317,0.317,0.317,0.317,0.317,7.608,7.608,7.608,7.608,7.608,7.608,7.608,7.608,7.608,7.608,85.56,85.56,82.8,85.56,82.8
X396,0.176550334,0.163,0.193041041,0.163,0.196535056,0.163,0.197279374,0.163,0.197441941,0.163,0.197481428,0.163,0.163,0.163,0.163,0.163,0.163,0.163,0.163,0.163,0.163,0.163,0.163,0.163,3.912,3.912,3.912,3.912,3.912,3.912,3.912,3.912,3.912,3.912,178.56,178.56,172.8,178.56,172.8
X397,0.558743178,0.284,0.539358841,0.284,0.535392455,0.284,0.534636788,0.284,0.534549738,0.284,0.534601925,0.284,0.284,0.284,0.284,0.284,0.284,0.284,0.284,0.284,0.284,0.284,0.284,0.284,6.816,6.816,6.816,6.816,6.816,6.816,6.816,6.816,6.816,6.816,160.704,160.704,155.52,160.704,155.52
X398,0.24734636,0.145,0.198284619,0.145,0.179870298,0.145,0.172962131,0.145,0.170373792,0.145,0.169407273,0.145,0.145,0.145,0.145,0.145,0.145,0.145,0.145,0.145,0.145,0.145,0.145,0.145,3.48,3.48,3.48,3.48,3.48,3.48,3.48,3.48,3.48,3.48,179.304,179.304,173.52,179.304,173.52
X399,0.117077765,0.103,0.125435322,0.103,0.128785155,0.103,0.130124029,0.103,0.130655359,0.103,0.130862402,0.103,0.103,0.103,0.103,0.103,0.103,0.103,0.103,0.103,0.103,0.103,0.103,0.103,2.472,2.472,2.472,2.472,2.472,2.472,2.472,2.472,2.472,2.472,206.832,206.832,200.16,206.832,200.16
X402,0.511838595,0.258,0.412377574,0.258,0.367239112,0.258,0.346753893,0.258,0.337457073,0.258,0.33323789,0.258,0.258,0.258,0.258,0.258,0.258,0.258,0.258,0.258,0.258,0.258,0.258,0.258,6.192,6.192,6.192,6.192,6.192,6.192,6.192,6.192,6.192,6.192,145.08,145.08,140.4,145.08,140.4
X403,0.286019319,0.117,0.208450702,0.117,0.182605797,0.117,0.173994594,0.117,0.171125447,0.117,0.170169483,0.117,0.117,0.117,0.117,0.117,0.117,0.117,0.117,0.117,0.117,0.117,0.117,0.117,2.808,2.808,2.808,2.808,2.808,2.808,2.808,2.808,2.808,2.808,135.408,135.408,131.04,135.408,131.04
X405,0.274147868,0.203,0.250285357,0.203,0.237659602,0.203,0.230979261,0.203,0.227444665,0.203,0.225574495,0.203,0.203,0.203,0.203,0.203,0.203,0.203,0.203,0.203,0.203,0.203,0.203,0.203,4.872,4.872,4.872,4.872,4.872,4.872,4.872,4.872,4.872,4.872,156.984,156.984,151.92,156.984,151.92
X406,0.360681893,0.293,0.316334855,0.293,0.302236203,0.293,0.297743007,0.293,0.296300048,0.293,0.295825701,0.293,0.293,0.293,0.293,0.293,0.293,0.293,0.293,0.293,0.293,0.293,0.293,0.293,7.032,7.032,7.032,7.032,7.032,7.032,7.032,7.032,7.032,7.032,102.672,102.672,99.36,102.672,99.36
X407,0.504134519,0.418,0.462822009,0.418,0.437564891,0.418,0.422123516,0.418,0.412683164,0.418,0.406911642,0.418,0.418,0.418,0.418,0.418,0.418,0.418,0.418,0.418,0.418,0.418,0.418,0.418,10.032,10.032,10.032,10.032,10.032,10.032,10.032,10.032,10.032,10.032,95.232,95.232,92.16,95.232,92.16
X408,0.383887504,0.303,0.31485863,0.303,0.304329553,0.303,0.30272254,0.303,0.30247627,0.303,0.302437534,0.303,0.303,0.303,0.303,0.303,0.303,0.303,0.303,0.303,0.303,0.303,0.303,0.303,7.272,7.272,7.272,7.272,7.272,7.272,7.272,7.272,7.272,7.272,146.568,146.568,141.84,146.568,141.84
X410,0.357207904,0.147,0.268043118,0.147,0.225132774,0.147,0.204482272,0.147,0.194544267,0.147,0.189761626,0.147,0.147,0.147,0.147,0.147,0.147,0.147,0.147,0.147,0.147,0.147,0.147,0.147,3.528,3.528,3.528,3.528,3.528,3.528,3.528,3.528,3.528,3.528,124.992,124.992,120.96,124.992,120.96
X412,0.046397317,0.04,0.046151697,0.04,0.046126947,0.04,0.046123401,0.04,0.04612189,0.04,0.046120574,0.04,0.04,0.04,0.04,0.04,0.04,0.04,0.04,0.04,0.04,0.04,0.04,0.04,0.96,0.96,0.96,0.96,0.96,0.96,0.96,0.96,0.96,0.96,46.128,46.128,44.64,46.128,44.64
X414,0.200553984,0.186,0.225488618,0.186,0.232549623,0.186,0.23453847,0.186,0.235087945,0.186,0.235228958,0.186,0.186,0.186,0.186,0.186,0.186,0.186,0.186,0.186,0.186,0.186,0.186,0.186,4.464,4.464,4.464,4.464,4.464,4.464,4.464,4.464,4.464,4.464,266.352,266.352,257.76,266.352,257.76
X419,0.161284939,0.151,0.158852372,0.151,0.157347216,0.151,0.156415898,0.151,0.155839643,0.151,0.155483084,0.151,0.151,0.151,0.151,0.151,0.151,0.151,0.151,0.151,0.151,0.151,0.151,0.151,3.624,3.624,3.624,3.624,3.624,3.624,3.624,3.624,3.624,3.624,159.216,159.216,154.08,159.216,154.08
X421,0.580829192,0.288,0.476235262,0.288,0.441516524,0.288,0.429997272,0.288,0.426180557,0.288,0.424921186,0.288,0.288,0.288,0.288,0.288,0.288,0.288,0.288,0.288,0.288,0.288,0.288,0.288,6.912,6.912,6.912,6.912,6.912,6.912,6.912,6.912,6.912,6.912,109.368,109.368,105.84,109.368,105.84
X422,0.286158589,0.285,0.326935572,0.285,0.337191088,0.285,0.339772266,0.285,0.340423802,0.285,0.340590147,0.285,0.285,0.285,0.285,0.285,0.285,0.285,0.285,0.285,0.285,0.285,0.285,0.285,6.84,6.84,6.84,6.84,6.84,6.84,6.84,6.84,6.84,6.84,183.768,183.768,177.84,183.768,177.84
X423,0.387438564,0.204,0.365400486,0.204,0.357782656,0.204,0.355172555,0.204,0.354301491,0.204,0.354034344,0.204,0.204,0.204,0.204,0.204,0.204,0.204,0.204,0.204,0.204,0.204,0.204,0.204,4.896,4.896,4.896,4.896,4.896,4.896,4.896,4.896,4.896,4.896,4179.792,4179.792,4044.96,4179.792,4044.96
X426,0.223910511,0.263,0.229200078,0.263,0.23089367,0.263,0.23140792,0.263,0.231535389,0.263,0.23153601,0.263,0.263,0.263,0.263,0.263,0.263,0.263,0.263,0.263,0.263,0.263,0.263,0.263,6.312,6.312,6.312,6.312,6.312,6.312,6.312,6.312,6.312,6.312,2501.328,2501.328,2420.64,2501.328,2420.64
X427,0.389461365,0.356,0.380833733,0.356,0.375889909,0.356,0.373056988,0.356,0.371433661,0.356,0.370503459,0.356,0.356,0.356,0.356,0.356,0.356,0.356,0.356,0.356,0.356,0.356,0.356,0.356,8.544,8.544,8.544,8.544,8.544,8.544,8.544,8.544,8.544,8.544,9064.896,9064.896,8772.48,9064.896,8772.48
X431,0.40316464,0.346,0.416017244,0.346,0.418968576,0.346,0.419654908,0.346,0.419823104,0.346,0.41987277,0.346,0.346,0.346,0.346,0.346,0.346,0.346,0.346,0.346,0.346,0.346,0.346,0.346,8.304,8.304,8.304,8.304,8.304,8.304,8.304,8.304,8.304,8.304,8181.024,8181.024,7917.12,8181.024,7917.12
X435,0.390314215,0.305,0.354888159,0.305,0.334462762,0.305,0.322686208,0.305,0.315896267,0.305,0.31198143,0.305,0.305,0.305,0.305,0.305,0.305,0.305,0.305,0.305,0.305,0.305,0.305,0.305,7.32,7.32,7.32,7.32,7.32,7.32,7.32,7.32,7.32,7.32,1225.368,1225.368,1185.84,1225.368,1185.84
X443,0.44543033,0.24,0.395458609,0.24,0.384743745,0.24,0.382492432,0.24,0.382065811,0.24,0.382032584,0.24,0.24,0.24,0.24,0.24,0.24,0.24,0.24,0.24,0.24,0.24,0.24,0.24,5.76,5.76,5.76,5.76,5.76,5.76,5.76,5.76,5.76,5.76,2133.048,2133.048,2064.24,2133.048,2064.24
X445,0.709111563,0.216,0.60124842,0.216,0.553896795,0.216,0.533132648,0.216,0.524050475,0.216,0.520101113,0.216,0.216,0.216,0.216,0.216,0.216,0.216,0.216,0.216,0.216,0.216,0.216,0.216,5.184,5.184,5.184,5.184,5.184,5.184,5.184,5.184,5.184,5.184,139.128,139.128,134.64,139.128,134.64
X446,0.333905609,0.241,0.297410182,0.241,0.278276458,0.241,0.26824508,0.241,0.262985856,0.241,0.260228564,0.241,0.241,0.241,0.241,0.241,0.241,0.241,0.241,0.241,0.241,0.241,0.241,0.241,5.784,5.784,5.784,5.784,5.784,5.784,5.784,5.784,5.784,5.784,558,558,540,558,540
X449,0.195641086,0.278,0.239570907,0.278,0.263652074,0.278,0.276852733,0.278,0.284088985,0.278,0.288055708,0.278,0.278,0.278,0.278,0.278,0.278,0.278,0.278,0.278,0.278,0.278,0.278,0.278,6.672,6.672,6.672,6.672,6.672,6.672,6.672,6.672,6.672,6.672,2513.976,2513.976,2432.88,2513.976,2432.88
X450,0.668331792,0.195,0.437606759,0.195,0.33393187,0.195,0.28734619,0.195,0.266413199,0.195,0.257007086,0.195,0.195,0.195,0.195,0.195,0.195,0.195,0.195,0.195,0.195,0.195,0.195,0.195,4.68,4.68,4.68,4.68,4.68,4.68,4.68,4.68,4.68,4.68,852.624,852.624,825.12,852.624,825.12
X455,0.409892886,0.182,0.44582492,0.182,0.453594115,0.182,0.455309088,0.182,0.455722572,0.182,0.455856273,0.182,0.182,0.182,0.182,0.182,0.182,0.182,0.182,0.182,0.182,0.182,0.182,0.182,4.368,4.368,4.368,4.368,4.368,4.368,4.368,4.368,4.368,4.368,225.06,225.06,217.8,225.06,217.8
X457,0.24083149,0.211,0.265444005,0.211,0.272908499,0.211,0.275176906,0.211,0.275870828,0.211,0.276087659,0.211,0.211,0.211,0.211,0.211,0.211,0.211,0.211,0.211,0.211,0.211,0.211,0.211,5.064,5.064,5.064,5.064,5.064,5.064,5.064,5.064,5.064,5.064,5.952,5.952,5.76,5.952,5.76
X459,0.099805305,0.138,0.113941375,0.138,0.117214477,0.138,0.117964644,0.138,0.118128856,0.138,0.11815698,0.138,0.138,0.138,0.138,0.138,0.138,0.138,0.138,0.138,0.138,0.138,0.138,0.138,3.312,3.312,3.312,3.312,3.312,3.312,3.312,3.312,3.312,3.312,819.888,819.888,793.44,819.888,793.44
X460,0.258981261,0.128,0.204273175,0.128,0.176523815,0.128,0.162448621,0.128,0.155309317,0.128,0.151688078,0.128,0.128,0.128,0.128,0.128,0.128,0.128,0.128,0.128,0.128,0.128,0.128,0.128,3.072,3.072,3.072,3.072,3.072,3.072,3.072,3.072,3.072,3.072,130.944,130.944,126.72,130.944,126.72
X462,0.269248236,0.197,0.26200996,0.197,0.25895637,0.197,0.257671281,0.197,0.257133583,0.197,0.256911741,0.197,0.197,0.197,0.197,0.197,0.197,0.197,0.197,0.197,0.197,0.197,0.197,0.197,4.728,4.728,4.728,4.728,4.728,4.728,4.728,4.728,4.728,4.728,4548.072,4548.072,4401.36,4548.072,4401.36
X468,0.204524573,0.168,0.206957267,0.168,0.208077004,0.168,0.208592403,0.168,0.208829635,0.168,0.208938829,0.168,0.168,0.168,0.168,0.168,0.168,0.168,0.168,0.168,0.168,0.168,0.168,0.168,4.032,4.032,4.032,4.032,4.032,4.032,4.032,4.032,4.032,4.032,366.42,366.42,354.6,366.42,354.6
X470,0.374312541,0.358,0.369249613,0.358,0.365030815,0.358,0.361515407,0.358,0.358586115,0.358,0.356145217,0.358,0.358,0.358,0.358,0.358,0.358,0.358,0.358,0.358,0.358,0.358,0.358,0.358,8.592,8.592,8.592,8.592,8.592,8.592,8.592,8.592,8.592,8.592,1467.912,1467.912,1420.56,1467.912,1420.56
X472,0.320002403,0.214,0.32777398,0.214,0.330166465,0.214,0.330900353,0.214,0.331122828,0.214,0.331187613,0.214,0.214,0.214,0.214,0.214,0.214,0.214,0.214,0.214,0.214,0.214,0.214,0.214,5.136,5.136,5.136,5.136,5.136,5.136,5.136,5.136,5.136,5.136,264.864,264.864,256.32,264.864,256.32
X473,0.219012204,0.147,0.196164484,0.147,0.194132364,0.147,0.19395302,0.147,0.193938588,0.147,0.193938836,0.147,0.147,0.147,0.147,0.147,0.147,0.147,0.147,0.147,0.147,0.147,0.147,0.147,3.528,3.528,3.528,3.528,3.528,3.528,3.528,3.528,3.528,3.528,224.688,224.688,217.44,224.688,217.44
X481,0.254023051,0.247,0.250619501,0.247,0.248512666,0.247,0.247208513,0.247,0.246401228,0.247,0.24590151,0.247,0.247,0.247,0.247,0.247,0.247,0.247,0.247,0.247,0.247,0.247,0.247,0.247,5.928,5.928,5.928,5.928,5.928,5.928,5.928,5.928,5.928,5.928,74.4,74.4,72,74.4,72
